id,title,genre,characters,description,link
1,Jiandra,drama romansa angst,Han Jisung,"Jiandra adalah remaja yang tumbuh dalam keluarga tanpa kasih sayang—ibunya sudah meninggal, dan ayahnya tak peduli. Satu-satunya orang yang menunjukkan perhatian padanya adalah Vira, teman sekolahnya. Namun Jiandra memilih menjauh karena tahu sahabatnya, Esa, juga menyukai Vira. Cerita ini menggambarkan konflik batin, cinta segitiga, dan kesepian seorang remaja yang berusaha menjaga persahabatan meski harus mengorbankan perasaannya sendiri.",https://x.com/bubiereis/status/1450320218509611015?t=qoHaL6-EYf21V0WYFtF6CA&s=19
2,Castaway,romansa komedi,Bangchan,"Tiara, seorang intern baru di stasiun TV ternama TEN TV, dikenal sebagai pribadi yang suka main-main dalam hubungan. Suatu hari, ia tak sengaja match di Tinder dengan Krisna, produser terkenal di tempat kerjanya—yang ternyata juga sama-sama player. Awalnya hanya ingin iseng, tapi obrolan mereka terasa berbeda, hingga perlahan Tiara mulai mempertanyakan pandangannya soal hubungan.",https://x.com/foxytells/status/1556218899133509632?t=GDWXnvEkgqu9RjNmTyuo5Q&s=19
3,case:143-5,romansa fluff,Bangchan,"Seorang artis penyanyi pria terkenal bernama Theo, yang juga seorang penulis lagu, diam-diam menggunakan akun media sosial pribadinya untuk memantau para penggemarnya. Suatu hari, ia menemukan cover lagu ciptaannya di YouTube Music dan terpikat oleh suara penyanyinya, Emily—seorang fans aktif yang sering membahas Theo di Twitter. Theo mulai mengikuti aktivitas media sosial Emily secara diam-diam dan merasa makin tertarik, terutama ketika Emily membahas dirinya. Cerita ini menggambarkan hubungan tak terduga antara seorang idol dan fans-nya, dengan nuansa pengamatan rahasia, perasaan tumbuh diam-diam, dan interaksi digital yang perlahan berubah menjadi rasa suka.",https://x.com/sidereummare/status/1616843142489333767?t=TeEEalaTCSF6546iBDLj_w&s=19
4,Quietly Yours,drama romansa,Seungmin,"Saka, seorang artis aktor yang sudah terkenal sejak kecil mengalami masa sulit setelah orang tuanya bercerai. Terjebak dalam keluarga broken home dan dikhianati pacarnya, Saka memutuskan hiatus dari dunia hiburan demi kesehatan mental dan fisiknya. Ia mundur dari proyek terbarunya dan pindah ke kos-kosan sederhana untuk menenangkan diri. Tanpa sengaja, pemilik kos tersebut adalah Disha—seorang penggemar setia Saka yang sering membicarakannya di media sosial. Interaksi mereka yang awalnya canggung mulai berkembang jadi hubungan yang lebih dalam, sementara Saka perlahan menghadapi luka-lukanya dan menemukan kenyamanan di tengah kesederhanaan hidup dan ketulusan Disha.",https://x.com/diassvia/status/1640704281534775298?t=qZH2oTR6jqsfJX5ObZAVFQ&s=19
5,Pulau Pendidaktis,drama sosial romansa,Jaemin,"Pak Alu dan Bu Jenar adalah dua guru yang ditugaskan mengajar di sebuah pulau terpencil yang indah namun penuh tantangan. Di tengah keterbatasan fasilitas, tekanan adat, dan jarak yang memisahkan mereka dari dunia luar, keduanya berusaha keras menyalakan semangat belajar pada anak-anak desa. Sambil menghadapi konflik pribadi dan dinamika sosial masyarakat sekitar, mereka perlahan menemukan makna baru tentang pengabdian, harapan, dan cinta pada profesi. Sebuah kisah menyentuh tentang perjuangan, dedikasi, dan keindahan tersembunyi dari dunia pendidikan di pelosok negeri.",https://x.com/fewritincty/status/1513489909969219584?t=_LvhnrI6K4p4lWZv6WZleQ&s=19
6,Elokaration di Rumah Cendi, drama friendship romansa,Haechan,"Setelah gagal masuk UGM, Eloka memutuskan melanjutkan kuliah di Bengkulu—keputusan yang mengubah arah hidupnya. Di sana, ia bertemu Cendi, sosok pria unik, jenaka, dan penuh wawasan, yang perlahan mengajarkannya arti menerima, memahami sejarah, serta menghargai keberagaman budaya dan masyarakat. Melalui interaksi mereka, Eloka menemukan makna baru dalam persahabatan, keluarga, dan proses tumbuh dewasa. Kisah hangat yang penuh pelajaran hidup, nilai budaya lokal, dan refleksi personal, dibalut dengan dinamika kampus dan percikan intelektual dari sosok Cendi yang benar-benar seperti seorang cendekiawan sejati.",https://x.com/fewritincty/status/1433116364198191104?t=ZsE4v06PDaCV_tlqP9NIEQ&s=19
7,Like We Just Meet,romansa drama,Mark,"Seorang mahasiswi S2 jurusan Creative Writing di Inggris tengah berusaha menyembuhkan luka masa lalunya dan menutup pintu pada cinta—hingga pertemuan tak terduga dengan seorang barista sekaligus musisi mengubah segalanya. Di tengah hiruk-pikuk kota-kota Inggris yang penuh warna, mereka perlahan terikat lewat obrolan ringan, lirik lagu, dan keheningan yang menyembuhkan. Perjalanan ini bukan sekadar tentang cinta yang tumbuh kembali, tetapi juga tentang menemukan diri sendiri, berdamai dengan masa lalu, dan merangkai ulang makna kebahagiaan. Dengan latar visual yang diambil langsung oleh penulis selama kuliah di UK, cerita ini membawa pembaca menjelajahi suasana otentik kehidupan urban Inggris dengan rasa yang sangat personal.",https://x.com/alienulis/status/1710535315109069016?t=TGCewSCtcVdhsoZQmcoRPw&s=19
8,Tangisan Laut Berdarah,misteri horor thriler supranatural,Mark Renjun Jeno Haechan Jaemin Chenle Jisung nct,"Sekelompok siswa kelas 12 yang tengah menikmati liburan di pantai tanpa sengaja memasuki sebuah kawasan yang dikenal dengan sebutan Zona Tragedi Berdarah. Zona ini terhubung dengan insiden tenggelamnya pesawat di masa lalu yang meninggalkan cerita kelam. Tanpa mereka ketahui, arwah-arwah yang terjebak di sana mulai meneror mereka, mencari keadilan atas tragedi yang belum terungkap. Terperangkap dalam kegelapan, para siswa harus mengungkap misteri di balik kejadian tersebut, sebelum mereka juga menjadi bagian dari kisah tragis yang tak pernah selesai. Ketegangan semakin memuncak saat rahasia Zona Tragedi Berdarah terkuak satu per satu.",https://x.com/regallsc/status/1540696334834864128?t=Vf9t495OVh1BBVxOmhpAuA&s=19
9,Elegi Haekal,drama keluarga romansa,haechan,"Seorang remaja laki-laki yang sangat mendambakan kasih sayang ibunya, terjebak dalam rasa kesepian dan rasa bersalah karena masa lalu yang kelam. Ibunya, yang semakin menjauh karena trauma dan rahasia masa lalu yang berhubungan langsung dengan keberadaannya, membuatnya merasa terisolasi. Meski begitu, remaja itu tak pernah berhenti berjuang, berusaha mendapatkan perhatian, pengertian, dan kehangatan dari sang ibu. Sebuah kisah penuh haru tentang perjuangan, pengampunan, dan keinginan yang tak pernah padam untuk meraih cinta yang hilang.",https://x.com/Kejeffreyan/status/1344533355589582849?t=VTkWCQ-jL3NH3V0pQShNNg&s=19
10,Arkananta, drama keluarga psikologi, Mark Renjun Jeno Haechan Jaemin Chenle Jisung,"Keluarga Arkananta, dengan tujuh anak laki-laki dan sang ayah, awalnya hidup harmonis penuh kasih. Namun, kehilangan besar dan berbagai masalah mulai menorehkan konflik yang mengubah suasana rumah menjadi dingin dan penuh kesedihan. Satu per satu, ketujuh saudara itu menghadapi duka dan ketegangan keluarga yang memisahkan mereka, sambil berusaha menyembuhkan luka lama dan memperbaiki ikatan yang retak. Kisah penuh campuran emosi, kesal, sedih, bahagia, dan haru yang menggambarkan kompleksitas hubungan keluarga dan perjuangan bersama melewati masa sulit.",https://x.com/shiningjaemz/status/1348582447592534017?t=KMv7uxGj-xqDNDPlDJV2Bg&s=19
11,Hold on It Hurts,romansa drama angst,Jeno,"Seorang dokter perempuan yang penuh dedikasi dalam menyembuhkan orang lain, terjebak dalam perjodohan dengan pria berkarakter red flag yang mencintai wanita lain. Meski berstatus istri, ia terus disakiti oleh suaminya yang tak pernah setia dan emosionalnya hancur berkeping-keping. Terasing dalam hubungan yang penuh luka dan pengkhianatan, ia berjuang mencari cara untuk menyembuhkan dirinya sendiri, meski terkadang sulit menerima kenyataan pahit di balik perannya sebagai penyembuh bagi orang lain. Kisah yang menyayat hati tentang toxic relationship, pengorbanan, dan pencarian kekuatan dalam kesakitan.",https://x.com/lalalafindyou?t=466D5FWuUzKxsER_4UUuLA&s=09
12,Lofarsa,romansa komedi,Haechan,"Cerita ini mengikuti perjalanan perjodohan antara seorang pengacara sukses yang karismatik dan anak magang di kantornya. Mas pengacara yang berprofesi di dunia hukum ini dikenal dengan sifatnya yang sabar, menghadapi segala tingkah laku aneh dan candaan calon istrinya dengan penuh ketenangan. Meskipun banyak masalah dan rintangan dalam perjalanan mereka, hubungan mereka berkembang melalui kesabaran, kepercayaan, dan usaha bersama. Kisah ini menggabungkan humor, romansa, dan perjuangan dalam sebuah hubungan yang dimulai dengan takdir dan berlanjut dengan komitmen.",https://x.com/ebbyyliebe/status/1501018725944020992?t=9-jAjsoMLsoIiImUShtD-g&s=19
13,Lotus in the Mud,romansa drama insekyuritas,Haechan,"Kisah ini menceritakan perjuangan dua individu yang rapuh, yang dipertemukan oleh ketidaksempurnaan mereka. Dalam perjalanan yang penuh air mata dan lika-liku, mereka berdua saling melengkapi dan menguatkan satu sama lain. Keduanya menghadapai masalah pribadi yang kompleks, namun melalui persahabatan dan cinta, mereka tumbuh bersama. Layaknya bunga lotus yang mekar indah dari dalam lumpur, kisah ini penuh dengan keindahan narasi yang heartwarming, membuat pembaca merasakan proses penyembuhan hati. Perjalanan hidup yang penuh cinta dan pengertian ini membawa pesan tentang bagaimana ketidaksempurnaan bisa menjadi kekuatan yang luar biasa ketika saling mendukung.",https://x.com/sannflowers_/status/1452259537738686476?t=GUoceAsCjOxGd_W8NQKhgg&s=
14,My Youth,romansa slice of life,Haechan,"Kisah cinta mahasiswa baru yang saling jatuh cinta, menggambarkan karakter anak muda modern dengan alur yang terstruktur rapi dan narasi yang mengalir. Tokoh utama pria yang observatif, pengertian, dan romantis, berpasangan dengan wanita yang inspiratif, dewasa, dan juga pengertian. Mereka adalah pasangan yang saling melengkapi, kuat secara individu namun lebih powerfull bersama. Meskipun hubungan mereka penuh cinta, keduanya memiliki pemikiran matang tentang masa depan dan tidak terjebak dalam dinamika kekanak-kanakan. Sebuah definisi dari pasangan sempurna dan hubungan yang dewasa.",https://x.com/geeantara/status/1420709532825636873?t=lQQ8Md1xthKiozEmjVkjGw&s=19
15,Fickle and Brittle,romansa slice of life,Haechan,"Hosea dan Rie sudah lama bersahabat, tapi di balik obrolan santai dan candaan sehari-hari, ada perasaan yang tak pernah benar diungkap. Mereka saling suka itu jelas tapi gengsi dan ketakutan akan mengubah hubungan membuat semuanya mandek di zona abu. Hosea tetap bebas jalan dengan siapa pun karena status mereka hanya teman, tapi dia gak pernah lupa buat ngabarin Rie. Rie pun gak pernah melarang, meski dalam diam ia menyimpan rasa yang sama. Hubungan mereka menggantung di antara kenyamanan persahabatan dan keinginan untukmelangkah lebih jauh. Tapi sampai kapan perasaan bisa bertahan kalau gak pernah diucapkan?",https://x.com/moonblvrd/status/1471508519102791701?s=46
16,Mie Ayam Camer,romansa komedi,Haechan,"Abi dan Naya sudah bersahabat sejak kecil, tumbuh bersama di tengah aroma mie ayam hangat dari warung milik Mama Naya. Abi sering membantu Naya yang juga bantuin mamanya, sambil menyimpan perasaan diam-diam yang gak pernah ia ungkap. Mereka selalu dekat tidak pernah terpisah meski Naya menjalin hubungan dengan orang lain. Saat Naya mulai menghadapi hubungan yang makin lama makin toxic, Abi tetap jadi tempat pulang yang tenang. Setelah putus, kedekatan mereka berkembang jadi cinta yang perlahan tapi dalam. Tapi hubungan yang tumbuh dari persahabatan gak selalu mudah dihadapkan pada perasaan lama yang terpendam, luka dari hubungan sebelumnya, dan perubahan dinamika, cinta mereka diuji: apakah perasaan yang dijaga bertahun-tahun bisa berubah jadi hubungan yang dewasa dan bertahan?",https://x.com/heaclearie/status/1609948747697631233?s=46
17,Sincerpity,drama romansa,Jaemin,"Beez, seorang penulis muda yang idealis, tak menyangka karyanya menarik perhatian Janu seorang editor pria karismatik dan profesional. Awalnya hubungan mereka sebatas kerja, namun dinamika mulai berubah seiring kedekatan yang tumbuh. Di balik sikap tenang Janu, tersimpan luka masa lalu dari mantan kekasih yang telah tiada, sementara desakan keluarga agar ia segera menikah semakin menekan. Di tengah tarik-ulur emosi, cerita ini menyoroti pentingnya komunikasi yang jujur dan terbuka dalam hubungan, serta keberanian untuk membicarakan perasaan, masa lalu, dan harapan masa depan bersama pasangan.",https://x.com/margixian/status/1583792065204609026?t=Xgb-050RHLd2lpspsGaBIQ&s=19
18,Still into you,drama komedi romansa,Haechan,"Arlo, drummer karismatik dari band Elixir, punya segalanya, bakat, sorotan, dan masa lalu yang belum selesai. Agatha, mantan Putri Indonesia 2020, dikenal elegan, mandiri, dan tak mudah ditaklukkan. Dulu mereka pernah bersama, tapi waktu dan keadaan memisahkan. Kini, ketika keduanya bertumbuh dan menemukan versi terbaik diri masing-masing, takdir mempertemukan mereka lagi. Balikan bukan berarti membaca buku yang sama kadang, kisah lama bisa punya akhir berbeda jika dibaca di waktu yang tepat, dengan hati yang lebih siap. Kisah ini tentang second chance yang bukan basa-basi, tapi soal apakah cinta yang dulu nyaris berhasil, bisa benar-benar berhasil ketika waktunya pas.",https://x.com/jaeleocky/status/1598964898113155072?s=
19,Birds on a Wire,pertemanan drama,jungwon niki sunwoo,"Arka, Bian, dan Rigel adalah tiga sahabat yang terikat oleh masa lalu kelam yang masing-masingnya bawa luka. Ketiganya memulai perjalanan untuk sembuh bersama—menghadapi trauma, saling mendukung, dan berjuang untuk kesehatan mental mereka. Setiap langkah kecil adalah kemenangan, dan setiap kegagalan adalah pelajaran berharga dalam proses penyembuhan yang panjang. Dalam perjalanan itu, mereka belajar bahwa persahabatan bisa jadi kekuatan yang luar biasa untuk melewati badai hidup. Namun, tak selamanya perjalanan itu berjalan mulus. Salah satu dari mereka harus menghadapi kenyataan pahit, meninggalkan dua sahabat lainnya untuk melanjutkan perjuangan. Di tengah segala luka, mereka harus belajar untuk melepaskan dan tetap bertahan meski tanpa satu orang yang dulu menjadi bagian dari perjalanan ini.",https://x.com/divaslibrary/status/1467459909599961088?t=xp8rmHz75RHeX7AU3lA3sQ&s=19
20,Our Home,keluarga drama romansa,renjun jeno haechan jaemin,"Ayas adalah seorang ibu tunggal yang membesarkan empat anak Rafa, Hema, Nolan, dan Naran di tengah himpitan masalah keluarga yang tak pernah benar-benar selesai. Meski hidup mereka jauh dari sempurna, keempat saudara ini saling menguatkan, menjadikan satu sama lain sebagai rumah ketika orang tua tak bisa lagi jadi tempat pulang. Di balik kehangatan yang mereka bangun bersama, tersimpan luka lama dari masa lalu yang belum sembuh, terutama di hati orang tua yang masih diliputi ego dan penyesalan. Ketika konflik mencapai puncaknya, salah satu dari mereka harus pergi, bukan karena ingin, tapi karena keadaan yang memaksa. Ini adalah kisah tentang keluarga yang retak tapi masih mencoba utuh, tentang cinta yang tumbuh di tengah luka, dan tentang keberanian untuk tetap bertahan bahkan saat kehilangan.",https://x.com/Yellooowme/status/1487411809745514503?t=heHgfxENSFAyAZLMrUgStQ&s=19
21,Iyan Bukan Anak Tengah,drama keluarga angst,Renjun,"Danan, Riyan, dan Uan adalah tiga bersaudara yang tumbuh dalam rumah yang menuntut kekuatan, bukan kelembutan. Danan, si sulung, selalu diminta sempurna, tangguh, cerdas, dan tanpa cela. Di sisi lain, Riyan, anak tengah, harus menelan kenyataan pahit, dicap sebagai pembawa sial, diperlakukan berbeda, dan terus merasa tak cukup, meski ia tak pernah berhenti mencoba. Uan, si bungsu, masih kecil, dan justru selalu didahulukan, tak sadar akan badai emosi yang menyelimuti dua kakaknya. Ketiganya bertahan dalam rumah yang lebih sering penuh tuntutan ketimbang pelukan. Saat perlahan suasana keluarga mulai membaik, justru Danan yang memilih untuk pergi selamanya. Sebuah kepergian yang membuka mata bahwa tak semua luka bisa disembuhkan dengan waktu, terkadang, yang terlihat paling kuat adalah yang paling lelah.",https://x.com/armaraher/status/1578714079526793223?t=d30AE6A_4O-vyjTsQ93ZEQ&s=19
22,Jagat Lingga Erlangga,komedi slice of life friendship,Jaemin Renjun Jeno Haechan,"Jagat, anak kaya raya dari Jakarta, harus pindah ke Bandung karena pekerjaan orang tuanya. Dari kehidupan mewah di ibu kota, dia tiba-tiba harus beradaptasi dengan kehidupan baru di sebuah daerah yang jauh dari kemewahan. Di tengah perbedaan budaya dan latar belakang, Jagat bertemu dengan tiga teman baru Raka, Jaya, dan Hari, yang berasal dari keluarga sederhana dan lebih akrab dengan kehidupan sehari-hari yang lebih real Raka, Jaya, dan Hari, teman-teman barunya sempat mengira Jagat ini anak orang susah karena gaya hidupnya terlalu polos dan gak pamer. Jadilah mereka bertiga jadi guide kehidupan rakyat buat si anak sultan ini, lengkap dengan ledekan, miskom, dan petualangan kocak yang gak ada habisnya. Di balik semua kekonyolan itu, persahabatan mereka tumbuh di tengah perbedaan dunia yang sejauh Jakarta dan Bandung coret.",https://x.com/NAAMER1CAN0/status/1470703668315914242?t=ioP-_3Wo3YvHiF6_I-D1pg&s=19
23,Crayon Marks On The Wall,komedi keluarga,Sungjin Wonpil YoungK Dowoon day6,"Empat kepala keluarga yang dikenal jarang berbaur dengan warga tiba-tiba diminta aktif ikut kegiatan lingkungan oleh Pak RW. Meski awalnya canggung dan enggan, ajakan yang nyaris memaksa itu justru jadi awal terbentuknya kelompok kecil berisi para bapak-bapak dengan kepribadian unik. Dari situ, tumbuhlah persahabatan tak terduga yang diwarnai momen chaos, kelucuan, dan kehangatan dalam dinamika keseharian mereka sebagai warga kompleks.",https://x.com/notenamhari/status/1910253736238461342?t=thZTEmR_qg4C_omTSny5FA&s=19
24,Wild Flowers In The Garden,slice of life romansa,lee know lee minho skz,"Kaleel, mahasiswa yang kuliah di luar negeri, jarang pulang ke rumah, meninggalkan adiknya, Jian, dalam kerinduan akan kebersamaan keluarga mereka yang kecil. Diam-diam, Jian menyusun rencana agar Kaleel punya alasan untuk lebih sering kembali. Ia memperkenalkan Kaleel pada Ivanka, mahasiswi dari jurusan berbeda, dengan alasan bisa membantu tugas kuliah Kaleel padahal tujuannya lebih dari itu. Seiring waktu, hubungan antara Kaleel dan Ivanka berkembang, perlahan membuat rumah tak lagi terasa sepi.",https://x.com/NAAMER1CAN0/status/1872976200349696055?t=vET9ZjBK601M1EmIpMVhUQ&s=19
25,Hello Cello,Jeno,"Di sebuah universitas, Cello dikenal sebagai buaya kampus—santai, penuh guyonan, dan suka mendekati cewek cantik. Targetnya kali ini adalah Una, mahasiswi populer dan memesona. Tapi rencana Cello berubah arah saat ia tanpa sengaja justru makin sering berinteraksi dengan Helga, sahabat Una yang terkenal apes dalam urusan percintaan. Helga yang receh, random, dan penuh kejutan justru bikin Cello nyaman tanpa ia sadari. Dari candaan receh, obrolan nggak penting, hingga momen-momen absurd di kampus, kedekatan mereka tumbuh dengan cara yang tidak biasa. Di balik hubungan yang awalnya tak direncanakan, cerita ini juga menyelami sisi Helga yang perlahan menyembuhkan luka-luka emosionalnya, belajar mencintai diri sendiri, dan membangun kembali kepercayaan terhadap cinta dan relasi. Sebuah kisah komedi romantis kampus yang menggabungkan cinta tak terduga, pertemanan hangat, dan proses healing dalam balutan karakter-karakter mahasiswa yang relatable dan hidup.",https://x.com/ijoscripts/status/1479770553758019584?t=u5jEn9oje28a-CT_nhvePQ&s=19
26,Nikola Maldini,romansa slice of life,Mark,"Di sudut Bandung, dua remaja SMA, Nikola dan Maldini, menjalani hidup dengan cara yang sangat berbeda, namun sama-sama penuh mimpi. Nikola dikenal sebagai siswa pekerja keras yang tak menyerah meski hidup dalam keterbatasan. Ia membantu ayahnya berjualan bakmi legendaris yang bikin nagih, bahkan Mikha, teman sekolahnya yang merupakan anak dari penulis terkenal, jadi pelanggan tetap. Mikha sendiri punya mimpinya yang tak kalah besar, ingin berdiri di atas nama sendiri tanpa bayang-bayang sang ibu. Di sela hiruk-pikuk sekolah, naik sepeda keliling kota, dan semangkuk bakmi hangat, Nikola dan Mikha saling menemukan arti dari usaha, harapan, dan cinta pertama. Cerita ini menggambarkan kisah remaja, perjuangan hidup, perbedaan kelas sosial, semangat mengejar mimpi, dan manisnya cinta yang tumbuh pelan-pelan di antara dua dunia yang tak sama.",https://x.com/sideofgemini/status/1533056115491377152?t=2ScnarrFis9BRviUTFM0vA&s=19
27,Private Bodyguard,drama keluarga, Jeno Renjun Haechan Jaemin,"Felysia nggak pernah menyangka hidupnya berubah drastis setelah diadopsi dari panti asuhan dan menjadi bagian dari keluarga baru. Tinggal serumah dengan banyak abang yang ganteng, populer, dan perhatian di mata orang lain ternyata nggak semudah kelihatannya. Di balik senyum mereka, Felysia harus menghadapi dinginnya sikap awal para abang yang sulit menerima kehadirannya sebagai adik angkat. Namun, seiring waktu dan banyak kejadian kecil yang tak terduga, perlahan-lahan jarak itu mulai mencair. Dari kejahilan sehari-hari, momen canggung, hingga perhatian yang diam-diam tumbuh, Felysia belajar arti keluarga, penerimaan, dan kedekatan yang dibangun dari nol.",https://x.com/dailyccaca/status/1462725913817214976?t=2b0-BwwKsB7UXV6X_104BQ&s=19
28,Kosan Abah,pertemanan drama komedi,Bangchan Lee Know Minho Changbin Hyunjin Jisung Felix Seungmin Jeongin,"Delapan pria dengan karakter yang jauh dari kata seragam, tinggal satu kosan dan menjalani hidup kampus yang penuh dengan kejadian kocak. Chandra, lulusan pesantren yang tiba-tiba jadi pentolan warung abang-abang, Arlino yang dingin, sarkastis, dan selalu terlihat tak pedulian, serta Bintang yang kaya raya tapi kesepian, akhirnya merasa bahagia punya teman sekosan yang gila. Haidar, yang gampang meledak emosinya, Jidan yang kadang otaknya kopong, dan Malik yang jadi bandar gosip serta maniak tauco, memberi warna tersendiri dalam kehidupan mereka. Setya yang paling kalem dan Rayen yang mulutnya kayak petasan, menjadi duo penyeimbang di antara kekacauan yang selalu terjadi. Kisah mereka penuh dengan kekonyolan sehari-hari, persahabatan, dan petualangan lucu yang terjadi di kosan mereka.",https://x.com/ownerkosan/status/1638844550126145536?t=34hekIrGxcYiDEha4shY8A&s=19
29,Friendshit,pertemanan drama komedi,han jisung hyunjin haechan,"Jidan, anak Bandung yang ngekos dan kuliah di Jakarta, terbiasa hidup bareng sahabat-sahabat kosannya Haidar, Malik, dan lima penghuni kos lainnya yang udah kayak keluarga. Tapi karena satu masalah serius dengan Haidar, Jidan memutuskan pulang ke Bandung dan kembali dekat dengan tiga sahabat lamanya, Hamizan, Sandi, dan Aslan. Dari situ, hidup Jidan kembali diwarnai nostalgia dan kenyamanan kampung halaman. Sementara itu, di Jakarta, Haidar makin gelisah takut Jidan nggak bakal balik lagi, apalagi setelah lihat Jidan makin lengket sama geng Bandung. Malik dan anak kos lainnya pun ikut geram. Persaingan antar sahabat pun merembet ke sosial media, postingan sindiran, story pasif-agresif, bahkan drama terbuka rebutan Jidan!",https://x.com/ownerkosan/status/1940745635227226633?t=NbpKeZoThDL4GzZEkE2BBA&s=19
30,Agenda Move On,romansa friendship,changbin bangchan,"Jelina menyimpan rasa pada Bintang sejak lama, anak dari partner bisnis ayahnya, sekaligus teman satu kos mantan pacarnya, Chandra. Sayangnya, Bintang terjebak dalam hubungan toxic dengan Angel, pacarnya yang cantik namun manipulatif dan hanya memanfaatkan Bintang karena kekayaannya. Di balik sikap manisnya, Angel perlahan menjauhkan Bintang dari teman-temannya dan membuatnya makin susah dinasihati. Bahkan Chandra, sahabatnya sendiri, sampai harus adu mulut demi membuka mata Bintang. Di tengah hubungan yang makin rusak, Jelina hanya bisa menunggu diam-diam berharap, tapi tahu diri bahwa perasaan tak selalu cukup. Meskipun dia tulus, Jelina tetap berdiri di pinggir cerita, menyaksikan cinta yang tak kunjung menjadi miliknya, bertepuk sebelah tangan.",https://x.com/ownerkosan/status/1791076006494867764?t=SnYXBRIt9EbxocsZNUr3bA&s=19
31,Indestructible,romansa angst slice of life,Jeno,"Arabella, seorang figure skater berbakat yang mewakili Indonesia di Olimpiade Musim Dingin, bertemu dengan Jearth, seorang pianis terkenal, di tengah dinginnya Paris—kota yang menyimpan kenangan traumatis dari masa lalunya. Di antara latihan, melodi piano, dan salju yang membeku, tumbuhlah hubungan yang perlahan menghangatkan hati Arabella. Namun, saat bayang-bayang luka lama kembali menghantuinya, Arabella dihadapkan pada ketakutan terbesar: memilih antara menghadapi masa lalu atau kehilangan orang yang mulai berarti baginya. Sebuah kisah romansa emosional yang menggali trauma, keberanian, dan dilema hati.",https://x.com/bearwwrite/status/1474328349967220737?t=CXhSX5yuUujShCnVFU4CBw&s=19yang
32,Cake shop,romansa remaja slice of life,Jeno,"Zora Marjorie, siswi SMA yang pemalu namun kreatif, diam-diam menyukai Marelio Alexander—siswa populer yang memakai fitur premium Instagram untuk melacak stalker. Demi tetap mengawasinya tanpa ketahuan, Zora membuat akun palsu bertema cake shop. Tapi rencana menguntit diam-diam itu berubah arah saat akun bodongnya justru menarik pelanggan sungguhan, termasuk Zio, kakak tingkat karismatik yang tanpa sadar memviralkan akun tersebut. Kini, Zora harus berpura-pura menjadi pemilik toko kue online sambil menyembunyikan identitas aslinya. Sebuah cerita romansa remaja yang ringan, lucu, dan penuh kekacauan digital yang tak terduga.",https://x.com/equilanas/status/1542501899039277056?t=z63ufzxeInCvc1-ZVua8Xg&s=19
33,Terpikat,romansa slice of life,mark,"Aruna, gadis ceria yang suka bersantai dan menjalani hidup tanpa banyak beban, jatuh cinta pada pandangan pertama pada Abian—siswa pintar, kaku, dan tertutup yang dikenal fokus pada prestasi. Tertarik dengan kepribadian Abian yang bertolak belakang dengannya, Aruna mulai mencari cara untuk mendekat, mulai dari bergabung dalam kelompok belajar hingga mencoba memahami dunia Abian yang penuh kedisiplinan. Namun, usaha mendekati hati seseorang yang sulit ditebak bukanlah hal mudah. Sebuah kisah romansa remaja tentang perbedaan karakter, usaha tulus, dan dinamika menarik antara dua dunia yang saling bertabrakan namun perlahan menyatu.",https://x.com/henderypie/status/1453364715262922757?t=jIvnhIGNkyw2FA_7NXtdNg&s=19
34,Artifice,misteri romansa angst,Jungwoo,"Setelah kematian tragis sahabatnya, Ala, yang diduga bunuh diri akibat perundungan, Shella menyusup ke dalam lingkaran pertemanan yang diduga menjadi penyebabnya, dengan satu tujuan mengungkap kebenaran dan membalas dendam. Di balik senyum palsu dan pertemanan semu, Shella harus menghadapi manipulasi Neira, seorang pick me girl yang licik dan berpengaruh, serta kemungkinan adanya pengkhianat di pihaknya sendiri. Ketegangan meningkat saat hubungannya dengan Atlas, orang yang diam-diam ia sukai, ikut terancam karena permainan Neira. Sebuah AU remaja bertema misteri, psikologis, dan drama balas dendam yang menggali trauma, pengkhianatan, dan harga dari kebenaran.",https://x.com/by_nitaa/status/1492488325122256900?t=qlfAcOTGc8pKvJqgRw6GBw&s=19
35,Shagara Dirga,romansa slice of life,Jeno,"Shagara Dirga, ketua Ultras di SMA Cakra Buana yang terkenal dingin, cuek, dan tak percaya pada cinta pada pandangan pertama, mulai meragukan prinsipnya ketika bertemu Gemala, siswi pindahan dari Jakarta yang berkepribadian hangat dan tak terduga. Kehadiran Gemala perlahan mencairkan sisi Shagara yang tertutup, sementara bagi Gemala, Bandung adalah kota penuh harapan dan mimpi, tempat ia menemukan keindahan baru—termasuk sosok Shagara Dirga. Sebuah kisah romansa remaja tentang perubahan hati, benturan karakter, dan cinta yang tumbuh perlahan di antara sorak-sorai tribun dan dinginnya sikap seorang pemimpin.",https://x.com/liunotes/status/1581253726853296129?t=8DQrB4hP_1RfwaeVD_5PlQ&s=19
36,Atlashella,romansa fluff slice of life,Jungwoo,"Atlas jatuh cinta pada Shella sejak hari pertama ospek, namun perjalanannya tidak mudah. Shella, gadis cerdas dan tertutup, menyimpan trauma masa lalu yang membuatnya sulit percaya pada cinta dan enggan membuka diri. Ia sering memberi silent treatment, menciptakan jarak emosional yang membuat Atlas bingung dan ragu. Meski begitu, Atlas tetap bertahan, mencoba memahami dan menembus tembok yang Shella bangun. Atlashella adalah kisah romansa penuh kesabaran, luka yang belum sembuh, dan usaha tulus seorang pemuda yang percaya bahwa cinta bisa menyembuhkan, bukan melukai.",https://x.com/by_nitaa/status/1512792142753660931?t=mkjdS8V7M8aEISORlW0oQg&s=19
37,Kanelatte,romansa angst slice of life,Haechan,"Setelah delapan tahun bersahabat, Kafsa—seorang atlet renang penuh ambisi—dan Ornela—gadis ceria yang bercita-cita menjadi atlet renang—mulai menyadari ada rasa yang tumbuh di antara mereka. Namun, kehadiran Junarega, teman satu geng Kafsa yang juga menaruh hati pada Ornela, membuat hubungan mereka memasuki pusaran cinta segitiga yang membingungkan. Di tengah persaingan, impian, dan perasaan yang tak terucap, Kanelatte menghadirkan kisah remaja yang hangat, penuh dinamika emosional, dan perjuangan menemukan arah—baik dalam cinta maupun hidup.",https://x.com/jenayspace/status/1535230314506645504?t=1IUS9t4O6xw5ypysV-Dt3A&s=19
38,Be my cupcakes,romansa slice of life komedi fluff,Jeno,"Olive tidak menyangka bahwa cuitan galaunya di Twitter—akibat gagal nonton konser band favorit dan diselingkuhi pacar—akan dibaca langsung oleh Gavin, gitaris band terkenal The Osward. Pertemuan tak terduga itu menjadi awal dari hubungan diam-diam yang perlahan tumbuh di balik sorotan publik. Namun, kisah cinta mereka tak semulus lagu cinta. Dari hubungan backstreet, bayang-bayang masa lalu, ketidakpercayaan diri, hingga pihak ketiga yang mencoba merusak segalanya, Olive dan Gavin harus belajar bagaimana mencintai dengan jujur dan berani. Sebuah romansa modern tentang kebetulan, luka, dan ketulusan yang diuji oleh dunia yang tidak selalu ramah.",https://x.com/kalanarca/status/1493203966993518594?t=G-r1nHJmr3c2IHsJvz6dMw&s=19
39,Dirgantara dan Kepulangan,angst keluarga drama slice of life,Taeyong,"Bagi Kalani, Araka Biru Dirgantara—atau Aga—adalah sosok yang nyaris sempurna: tampan, cerdas, lembut, dan dicintai banyak orang. Namun di balik citra Dirgantara yang memukau, Kalani mulai melihat retakan tatapan kosong, senyum yang dipaksakan, dan luka batin yang tak pernah dibicarakan. Seiring waktu, Kalani menyadari bahwa Aga sedang tenggelam dalam rasa sakit yang ia sembunyikan dari dunia. Araka Biru Dirgantara adalah kisah romansa emosional tentang cinta yang bertahan dalam diam, perjuangan menyembuhkan seseorang yang tidak tahu bagaimana meminta tolong, dan pertanyaan besar bisakah cinta menyelamatkan seseorang yang terus terluka dalam sunyi?",https://x.com/1998ur_/status/1395387380933165061?t=Hounq-mu1_kLylkj2rnRUA&s=19